trial_id,pair_id,trial_number,condition,target_word,duration,clue_giver_start,elapsed_duration,success_duration,success_text_raw,time_to_success,clue_giver_leak,clue_giver_leak_time,success,note
103_203_12_1_20250113_152455_doughnut_board,103_203,12,board,doughnut,16.518,1.36,15.158000000000001,True,True,13.299000000000001,False,,True,
103_203_13_1_20250113_152513_spinach_board,103_203,13,board,spinach,15.435,3.808,11.627,True,True,10.474,False,,True,
103_203_14_1_20250113_152536_balloon_board,103_203,14,board,balloon,20.673,3.234,17.439,True,True,16.592,False,,True,
103_203_15_1_20250113_152557_bacon_board,103_203,15,board,bacon,18.989,1.547,17.442,True,True,16.817999999999998,False,,True,
103_203_16_1_20250113_152613_chlorine_board,103_203,16,board,chlorine,13.154,4.649,8.504999999999999,True,True,7.7749999999999995,False,,True,
103_203_17_1_20250113_152643_leather_board,103_203,17,board,leather,27.778,2.182,25.596,True,True,24.846,False,,True,
103_203_18_1_20250113_152657_pillow_board,103_203,18,board,pillow,10.361,2.984,7.377000000000001,True,True,6.573,False,,True,
103_203_19_1_20250113_152712_traffic_board,103_203,19,board,traffic,12.895,2.574,10.321,True,True,9.445,False,,True,
103_203_20_1_20250113_152735_bitter_board,103_203,20,board,bitter,22.343,3.098,19.245,True,True,16.665000000000003,False,,True,
103_203_21_1_20250113_152824_tiger_board,103_203,21,board,tiger,45.438,7.685,37.753,True,True,37.059999999999995,False,,True,
103_203_23_1_20250113_152946_trumpet_ground,103_203,23,ground,trumpet,33.41351473922902,2.13,31.283514739229023,True,True,28.666,False,,True,
103_203_24_1_20250113_152957_pasta_ground,103_203,24,ground,pasta,10.541859410430838,1.826,8.715859410430838,True,True,5.782,False,,True,
103_203_25_1_20250113_153028_hamster_ground,103_203,25,ground,hamster,29.6518820861678,1.277,28.374882086167798,True,True,26.008,False,,True,
103_203_26_1_20250113_153140_siren_ground,103_203,26,ground,siren,69.96172335600907,3.23,66.73172335600907,False,False,,False,,False,
103_203_27_1_20250113_153217_jungle_ground,103_203,27,ground,jungle,27.9568253968254,1.617,26.3398253968254,True,True,23.491,False,,True,
103_203_28_1_20250113_153235_birthday_ground,103_203,28,ground,birthday,17.29886621315193,1.459,15.839866213151929,True,True,13.413,False,,True,
103_203_29_1_20250113_153255_cherry_ground,103_203,29,ground,cherry,18.599183673469387,1.213,17.386183673469386,True,True,14.635000000000002,False,,True,
103_203_30_1_20250113_153310_exam_ground,103_203,30,ground,exam,14.489251700680272,1.281,13.208251700680272,True,True,10.655,False,,True,
103_203_31_1_20250113_153333_flower_ground,103_203,31,ground,flower,21.91963718820862,1.512,20.407637188208618,True,True,18.229,False,,True,
103_203_32_1_20250113_153341_coffee_ground,103_203,32,ground,coffee,6.942766439909297,1.192,5.750766439909297,True,True,3.4290000000000003,False,,True,
103_203_34_1_20250113_153427_picture_ground,103_203,34,ground,picture,21.339138321995463,1.844,19.495138321995462,True,True,17.145999999999997,False,,True,
103_203_35_1_20250113_153443_yellow_ground,103_203,35,ground,yellow,15.116190476190477,2.683,12.433190476190477,True,True,10.047,False,,True,
103_203_36_1_20250113_153454_flannel_ground,103_203,36,ground,flannel,9.543401360544218,1.005,8.538401360544217,True,True,5.854,False,,True,
103_203_37_1_20250113_153517_movie_ground,103_203,37,ground,movie,22.267936507936508,2.937,19.330936507936507,True,True,16.912,False,,True,
103_203_38_1_20250113_153528_puppy_ground,103_203,38,ground,puppy,11.168798185941045,1.944,9.224798185941044,True,True,6.867,False,,True,
103_203_39_1_20250113_153540_muscle_ground,103_203,39,ground,muscle,10.750839002267574,1.353,9.397839002267574,True,True,7.093,False,,True,
103_203_40_1_20250113_153555_beauty_ground,103_203,40,ground,beauty,13.4443537414966,3.478,9.9663537414966,True,True,7.98,False,,True,
103_203_41_1_20250113_153604_sugar_ground,103_203,41,ground,sugar,9.032562358276644,1.72,7.312562358276645,True,True,4.924,False,,True,
103_203_42_1_20250113_153614_sushi_ground,103_203,42,ground,sushi,8.823582766439909,1.572,7.251582766439909,True,True,4.7,False,,True,
103_203_43_1_20250113_153626_gravy_ground,103_203,43,ground,gravy,10.65795918367347,1.941,8.716959183673469,True,True,6.282000000000001,False,,True,
103_203_45_1_20250113_153745_walnut_board,103_203,45,board,walnut,40.58848072562358,3.931,36.657480725623586,True,True,33.332,False,,True,
103_203_46_1_20250113_153759_blanket_board,103_203,46,board,blanket,12.817414965986394,1.749,11.068414965986394,True,True,8.613,False,,True,
103_203_47_1_20250113_153811_soda_board,103_203,47,board,soda,10.588299319727891,1.501,9.087299319727892,True,True,6.229000000000001,False,,True,
103_203_48_1_20250113_153828_hunger_board,103_203,48,board,hunger,15.464489795918368,1.311,14.153489795918368,True,True,11.74,False,,True,
103_203_49_1_20250113_153839_christmas_board,103_203,49,board,christmas,10.356099773242631,2.313,8.04309977324263,True,True,5.722999999999999,False,,True,
103_203_50_1_20250113_153852_butter_board,103_203,50,board,butter,12.30657596371882,1.228,11.078575963718821,True,True,8.038,False,,True,
103_203_51_1_20250113_153926_cologne_board,103_203,51,board,cologne,32.60081632653061,2.09,30.510816326530612,True,True,27.105,True,27.954,True,
103_203_52_1_20250113_154037_zipper_board,103_203,52,board,zipper,69.96172335600907,1.163,68.79872335600908,False,False,,False,,False,
103_203_53_1_20250113_154055_river_board,103_203,53,board,river,8.544943310657596,1.73,6.814943310657595,True,True,3.613,False,,True,
103_203_54_1_20250113_154107_music_board,103_203,54,board,music,10.797278911564623,1.258,9.539278911564622,True,True,7.606000000000001,False,,True,
108_208_12_1_20250114_162456_flower_ground,108_208,12,ground,flower,13.815873015873017,2.01,11.805873015873017,True,True,10.026,False,,True,
108_208_13_1_20250114_162512_traffic_ground,108_208,13,ground,traffic,14.67501133786848,1.367,13.308011337868479,True,True,8.027999999999999,False,,True,
108_208_14_1_20250114_162535_zipper_ground,108_208,14,ground,zipper,21.36235827664399,1.186,20.17635827664399,True,True,18.372,False,,True,
108_208_15_1_20250114_162542_gravy_ground,108_208,15,ground,gravy,7.082086167800454,1.361,5.721086167800454,True,True,3.3790000000000004,False,,True,
108_208_16_1_20250114_162559_siren_ground,108_208,16,ground,siren,15.882448979591835,1.559,14.323448979591836,True,True,11.71,False,,True,
108_208_17_1_20250114_162610_cherry_ground,108_208,17,ground,cherry,9.752380952380951,1.287,8.46538095238095,True,True,5.189,False,,True,
108_208_18_1_20250114_162618_coffee_ground,108_208,18,ground,coffee,7.151746031746032,1.417,5.734746031746032,True,True,3.6960000000000006,False,,True,
108_208_19_1_20250114_162700_cologne_ground,108_208,19,ground,cologne,41.05287981859411,2.106,38.946879818594105,True,True,36.638,False,,True,
108_208_20_1_20250114_162723_bitter_ground,108_208,20,ground,bitter,21.73387755102041,1.498,20.23587755102041,True,True,18.287,False,,True,
108_208_21_1_20250114_162731_sugar_ground,108_208,21,ground,sugar,6.617687074829932,1.234,5.383687074829932,True,True,3.0250000000000004,False,,True,
108_208_23_1_20250114_162817_tiger_ground,108_208,23,ground,tiger,21.803537414965987,4.63,17.17353741496599,True,True,13.844000000000001,False,,True,
108_208_24_1_20250114_162831_exam_ground,108_208,24,ground,exam,12.770975056689345,1.115,11.655975056689345,True,True,9.025,False,,True,
108_208_25_1_20250114_162844_puppy_ground,108_208,25,ground,puppy,12.097596371882084,2.903,9.194596371882083,True,True,6.488999999999999,False,,True,
108_208_26_1_20250114_162904_hamster_ground,108_208,26,ground,hamster,19.481541950113375,1.58,17.901541950113376,True,True,15.488000000000001,False,,True,
108_208_27_1_20250114_162936_bacon_ground,108_208,27,ground,bacon,30.766439909297052,3.875,26.891439909297052,True,True,23.946,False,,True,
108_208_28_1_20250114_162956_river_ground,108_208,28,ground,river,18.22766439909297,2.929,15.298664399092969,True,True,10.922,False,,True,
108_208_29_1_20250114_163011_walnut_ground,108_208,29,ground,walnut,14.837551020408164,1.945,12.892551020408163,True,True,10.286999999999999,False,,True,
108_208_30_1_20250114_163024_butter_ground,108_208,30,ground,butter,11.331337868480723,4.908,6.423337868480723,True,True,4.377,False,,True,
108_208_31_1_20250114_163033_leather_ground,108_208,31,ground,leather,8.428843537414966,2.403,6.025843537414966,True,True,3.608,False,,True,
108_208_32_1_20250114_163057_chlorine_ground,108_208,32,ground,chlorine,23.2431746031746,1.447,21.796174603174602,True,True,19.636,False,,True,
108_208_34_1_20250114_163148_movie_board,108_208,34,board,movie,11.122358276643991,1.218,9.904358276643991,True,True,8.036,False,,True,
108_208_35_1_20250114_163156_pasta_board,108_208,35,board,pasta,7.151746031746032,1.274,5.877746031746032,True,True,3.817,False,,True,
108_208_36_1_20250114_163248_balloon_board,108_208,36,board,balloon,51.7340589569161,1.187,50.5470589569161,True,True,41.841,False,,True,
108_208_37_1_20250114_163259_muscle_board,108_208,37,board,muscle,9.125442176870749,1.891,7.234442176870749,True,True,4.851,True,5.293,True,
108_208_38_1_20250114_163310_birthday_board,108_208,38,board,birthday,10.913378684807256,1.026,9.887378684807256,True,True,7.548,False,,True,
108_208_39_1_20250114_163319_beauty_board,108_208,39,board,beauty,8.243083900226758,1.204,7.039083900226758,True,True,4.812,False,,True,
108_208_40_1_20250114_163328_christmas_board,108_208,40,board,christmas,7.337505668934241,1.058,6.279505668934241,True,True,3.923,False,,True,
108_208_41_1_20250114_163344_trumpet_board,108_208,41,board,trumpet,13.25859410430839,2.372,10.88659410430839,True,True,8.547,False,,True,
108_208_42_1_20250114_163352_music_board,108_208,42,board,music,7.337505668934241,1.365,5.97250566893424,True,True,3.6179999999999994,False,,True,
108_208_43_1_20250114_163408_hunger_board,108_208,43,board,hunger,15.85922902494331,1.526,14.33322902494331,True,True,10.112,True,10.066,True,
108_208_45_1_20250114_163506_sushi_board,108_208,45,board,sushi,20.59609977324263,1.319,19.277099773242632,True,True,17.238,False,,True,
108_208_46_1_20250114_163523_jungle_board,108_208,46,board,jungle,16.671927437641724,3.65,13.021927437641724,True,True,10.767,False,,True,
108_208_47_1_20250114_163536_yellow_board,108_208,47,board,yellow,11.633197278911563,3.057,8.576197278911563,True,True,5.7669999999999995,False,,True,
108_208_48_1_20250114_163634_flannel_board,108_208,48,board,flannel,56.42448979591837,1.896,54.52848979591837,True,True,52.069,False,,True,
108_208_49_1_20250114_163641_doughnut_board,108_208,49,board,doughnut,6.130068027210885,1.89,4.240068027210885,True,True,2.1790000000000003,False,,True,
108_208_50_1_20250114_163655_picture_board,108_208,50,board,picture,12.9102947845805,1.368,11.5422947845805,True,True,9.182,False,,True,
108_208_51_1_20250114_163806_spinach_board,108_208,51,board,spinach,69.96172335600907,3.32,66.64172335600908,False,False,,False,,False,
108_208_52_1_20250114_163842_blanket_board,108_208,52,board,blanket,9.148662131519274,2.379,6.769662131519274,True,True,3.764,False,,True,
108_208_53_1_20250114_163852_pillow_board,108_208,53,board,pillow,8.986122448979591,1.122,7.864122448979591,True,True,5.833,False,,True,
108_208_54_1_20250114_163903_soda_board,108_208,54,board,soda,10.286439909297052,1.442,8.844439909297051,True,True,6.5329999999999995,False,,True,
109_209_12_1_20250115_102502_hunger_board,109_209,12,board,hunger,15.673469387755102,1.666,14.007469387755101,True,True,12.046999999999999,False,,True,
109_209_13_1_20250115_102512_siren_board,109_209,13,board,siren,10.077460317460318,1.762,8.315460317460317,True,True,6.116999999999999,False,,True,
109_209_14_1_20250115_102525_birthday_board,109_209,14,board,birthday,11.818956916099774,2.079,9.739956916099773,True,True,7.943,False,,True,
109_209_15_1_20250115_102538_picture_board,109_209,15,board,picture,11.749297052154194,1.287,10.462297052154195,True,True,8.29,False,,True,
109_209_16_1_20250115_102612_tiger_board,109_209,16,board,tiger,32.97233560090703,2.832,30.14033560090703,True,True,28.268,False,,True,
109_209_17_1_20250115_102717_spinach_board,109_209,17,board,spinach,63.43691609977324,2.754,60.682916099773244,False,True,58.377,False,,True,
109_209_18_1_20250115_102728_river_board,109_209,18,board,river,10.00780045351474,1.638,8.36980045351474,True,True,5.933,False,,True,
109_209_19_1_20250115_102741_cologne_board,109_209,19,board,cologne,12.67809523809524,7.746,4.93209523809524,True,True,2.7889999999999997,False,,True,
109_209_20_1_20250115_102756_butter_board,109_209,20,board,butter,13.67655328798186,1.602,12.07455328798186,True,True,10.177,False,,True,
109_209_21_1_20250115_102807_pillow_board,109_209,21,board,pillow,9.682721088435374,1.69,7.992721088435374,True,True,5.948,False,,True,
109_209_23_1_20250115_102858_movie_ground,109_209,23,ground,movie,18.088344671201813,1.96,16.128344671201813,True,True,14.416,False,,True,
109_209_24_1_20250115_102908_muscle_ground,109_209,24,ground,muscle,9.636281179138322,1.346,8.290281179138322,True,True,5.872,False,,True,
109_209_25_1_20250115_102923_blanket_ground,109_209,25,ground,blanket,13.514013605442177,1.909,11.605013605442176,True,True,8.392999999999999,False,,True,
109_209_26_1_20250115_102948_pasta_ground,109_209,26,ground,pasta,24.38095238095238,1.328,23.05295238095238,True,True,20.322,False,,True,
109_209_27_1_20250115_102955_sushi_ground,109_209,27,ground,sushi,6.617687074829932,1.5,5.117687074829932,True,True,2.886,False,,True,
109_209_28_1_20250115_103007_exam_ground,109_209,28,ground,exam,11.029478458049889,1.884,9.145478458049888,True,True,7.118,False,,True,
109_209_29_1_20250115_103118_soda_ground,109_209,29,ground,soda,69.9849433106576,2.336,67.6489433106576,False,False,,False,,False,
109_209_30_1_20250115_103137_yellow_ground,109_209,30,ground,yellow,11.935056689342405,1.649,10.286056689342406,True,True,5.739,False,,True,
109_209_31_1_20250115_103241_hamster_ground,109_209,31,ground,hamster,62.71709750566893,1.795,60.92209750566893,False,True,59.053,False,,True,
109_209_32_1_20250115_103319_bitter_ground,109_209,32,ground,bitter,33.22775510204082,2.715,30.512755102040817,True,True,27.226,False,,True,
109_209_34_1_20250115_103359_beauty_ground,109_209,34,ground,beauty,19.156462585034017,2.732,16.424462585034018,True,True,13.21,False,,True,
109_209_35_1_20250115_103413_traffic_ground,109_209,35,ground,traffic,12.353015873015874,1.876,10.477015873015874,True,True,8.415000000000001,False,,True,
109_209_36_1_20250115_103432_jungle_ground,109_209,36,ground,jungle,18.506303854875284,2.266,16.240303854875286,True,True,14.017000000000001,False,,True,
109_209_37_1_20250115_103541_doughnut_ground,109_209,37,ground,doughnut,67.221768707483,1.624,65.597768707483,False,False,,False,,False,
109_209_38_1_20250115_103556_leather_ground,109_209,38,ground,leather,10.518639455782314,1.971,8.547639455782313,True,True,6.23,False,,True,
109_209_39_1_20250115_103607_christmas_ground,109_209,39,ground,christmas,10.216780045351474,1.809,8.407780045351474,True,True,6.281,False,,True,
109_209_40_1_20250115_103649_bacon_ground,109_209,40,ground,bacon,41.67981859410431,2.064,39.61581859410431,True,False,,False,,False,
109_209_41_1_20250115_103706_music_ground,109_209,41,ground,music,9.566621315192744,1.805,7.761621315192745,True,True,5.8740000000000006,False,,True,
109_209_42_1_20250115_103812_gravy_ground,109_209,42,ground,gravy,65.20163265306122,3.292,61.90963265306122,False,False,,False,,False,
109_209_43_1_20250115_103835_zipper_ground,109_209,43,ground,zipper,18.413424036281175,4.155,14.258424036281173,True,True,12.512999999999998,False,,True,
109_209_45_1_20250115_104012_walnut_board,109_209,45,board,walnut,66.40907029478458,1.89,64.51907029478458,False,False,,True,61.243,False,clue_giver_leak_no_guesser_success
109_209_46_1_20250115_104021_coffee_board,109_209,46,board,coffee,7.22140589569161,1.52,5.701405895691609,True,True,3.791,False,,True,
109_209_47_1_20250115_104044_puppy_board,109_209,47,board,puppy,21.89641723356009,1.424,20.47241723356009,True,True,18.145,False,,True,
109_209_48_1_20250115_104104_flower_board,109_209,48,board,flower,18.808163265306124,2.47,16.338163265306125,True,True,14.586,False,,True,
109_209_49_1_20250115_104132_cherry_board,109_209,49,board,cherry,27.5156462585034,1.666,25.849646258503398,True,True,22.112,False,,True,
109_209_50_1_20250115_104149_sugar_board,109_209,50,board,sugar,16.253968253968253,1.453,14.800968253968254,True,True,12.846,False,,True,
109_209_51_1_20250115_104255_trumpet_board,109_209,51,board,trumpet,65.1784126984127,1.854,63.3244126984127,False,False,,False,,False,
109_209_52_1_20250115_104312_chlorine_board,109_209,52,board,chlorine,12.353015873015874,1.494,10.859015873015874,True,True,8.435,False,,True,
109_209_53_1_20250115_104419_flannel_board,109_209,53,board,flannel,65.36417233560091,2.404,62.960172335600916,False,False,,True,58.68600000000001,False,clue_giver_leak_no_guesser_success
109_209_54_1_20250115_104433_balloon_board,109_209,54,board,balloon,13.049614512471654,2.179,10.870614512471654,True,True,8.778,False,,True,
115_215_12_1_20250115_161913_music_ground,115_215,12,ground,music,10.750839002267574,2.786,7.964839002267574,True,True,5.879,False,,True,
115_215_13_1_20250115_161942_cologne_ground,115_215,13,ground,cologne,27.538866213151927,9.107,18.431866213151928,True,False,,False,,False,
115_215_14_1_20250115_162002_coffee_ground,115_215,14,ground,coffee,9.264761904761905,1.741,7.523761904761905,True,True,5.32,False,,True,
115_215_15_1_20250115_162013_flower_ground,115_215,15,ground,flower,10.263219954648529,2.057,8.206219954648528,True,True,5.837999999999999,False,,True,
115_215_16_1_20250115_162118_flannel_ground,115_215,16,ground,flannel,64.45859410430839,4.77,59.68859410430839,False,True,56.635000000000005,False,,True,
115_215_17_1_20250115_162247_spinach_ground,115_215,17,ground,spinach,69.91528344671202,1.77,68.14528344671203,False,False,,False,,False,
115_215_18_1_20250115_162314_cherry_ground,115_215,18,ground,cherry,17.484625850340137,1.209,16.275625850340138,True,True,13.981,False,,True,
115_215_19_1_20250115_162352_walnut_ground,115_215,19,ground,walnut,37.29124716553288,1.21,36.08124716553288,True,True,33.18,False,,True,
115_215_20_1_20250115_162400_pillow_ground,115_215,20,ground,pillow,7.1053061224489795,1.031,6.07430612244898,True,True,3.798,False,,True,
115_215_21_1_20250115_162406_muscle_ground,115_215,21,ground,muscle,5.178049886621316,1.346,3.8320498866213155,True,True,1.138,False,,True,
115_215_23_1_20250115_162448_movie_ground,115_215,23,ground,movie,20.317460317460316,1.186,19.131460317460316,True,True,16.712,False,,True,
115_215_24_1_20250115_162504_butter_ground,115_215,24,ground,butter,15.603809523809524,0.962,14.641809523809524,True,True,12.593,False,,True,
115_215_25_1_20250115_162529_chlorine_ground,115_215,25,ground,chlorine,23.84689342403628,4.288,19.55889342403628,True,True,16.814,False,,True,
115_215_26_1_20250115_162612_beauty_ground,115_215,26,ground,beauty,42.16743764172335,1.421,40.746437641723354,True,True,38.355000000000004,False,,True,
115_215_27_1_20250115_162642_gravy_ground,115_215,27,ground,gravy,28.69986394557823,1.313,27.38686394557823,True,True,24.976000000000003,False,,True,
115_215_28_1_20250115_162652_christmas_ground,115_215,28,ground,christmas,9.079002267573696,1.014,8.065002267573696,True,True,5.8309999999999995,False,,True,
115_215_29_1_20250115_162702_birthday_ground,115_215,29,ground,birthday,9.264761904761905,1.09,8.174761904761905,True,True,5.601,False,,True,
115_215_30_1_20250115_162711_jungle_ground,115_215,30,ground,jungle,7.546485260770975,1.472,6.074485260770976,True,True,3.571,False,,True,
115_215_31_1_20250115_162719_pasta_ground,115_215,31,ground,pasta,7.523265306122449,1.89,5.633265306122449,True,True,2.9400000000000004,False,,True,
115_215_32_1_20250115_162740_leather_ground,115_215,32,ground,leather,19.59764172335601,1.065,18.532641723356008,True,True,15.590000000000002,False,,True,
115_215_34_1_20250115_162815_blanket_board,115_215,34,board,blanket,9.102222222222222,1.448,7.654222222222222,True,True,5.698,False,,True,
115_215_35_1_20250115_162826_tiger_board,115_215,35,board,tiger,10.518639455782314,2.642,7.876639455782314,True,True,5.938000000000001,False,,True,
115_215_36_1_20250115_162937_bitter_board,115_215,36,board,bitter,69.96172335600907,1.634,68.32772335600907,False,False,,False,,False,
115_215_37_1_20250115_163015_river_board,115_215,37,board,river,29.32680272108843,1.829,27.49780272108843,True,True,23.037,True,21.742,True,
115_215_38_1_20250115_163038_bacon_board,115_215,38,board,bacon,21.826757369614512,0.0,21.826757369614512,True,True,19.579,False,,True,
115_215_39_1_20250115_163049_siren_board,115_215,39,board,siren,10.170340136054422,2.042,8.128340136054423,True,True,5.476,False,,True,
115_215_40_1_20250115_163058_doughnut_board,115_215,40,board,doughnut,7.801904761904762,1.834,5.967904761904762,True,True,4.186999999999999,False,,True,
115_215_41_1_20250115_163119_balloon_board,115_215,41,board,balloon,19.481541950113375,1.858,17.623541950113374,True,True,15.602,False,,True,
115_215_42_1_20250115_163149_traffic_board,115_215,42,board,traffic,29.60544217687075,1.262,28.34344217687075,True,True,26.313,False,,True,
115_215_43_1_20250115_163208_soda_board,115_215,43,board,soda,17.972244897959182,1.539,16.43324489795918,True,True,13.215,False,,True,
115_215_45_1_20250115_163239_puppy_board,115_215,45,board,puppy,7.569705215419501,1.094,6.4757052154195005,True,True,4.4879999999999995,False,,True,
115_215_46_1_20250115_163246_sushi_board,115_215,46,board,sushi,6.873106575963718,1.026,5.847106575963719,True,False,,False,,False,
115_215_47_1_20250115_163258_zipper_board,115_215,47,board,zipper,11.284897959183674,1.026,10.258897959183674,True,True,7.902000000000001,False,,True,
115_215_48_1_20250115_163319_hamster_board,115_215,48,board,hamster,20.154920634920636,1.734,18.420920634920634,True,True,15.328000000000001,False,,True,
115_215_49_1_20250115_163406_hunger_board,115_215,49,board,hunger,45.627210884353744,1.078,44.54921088435374,True,True,42.221999999999994,False,,True,
115_215_50_1_20250115_163425_sugar_board,115_215,50,board,sugar,13.49079365079365,1.282,12.20879365079365,True,True,10.332,False,,True,
115_215_51_1_20250115_163438_yellow_board,115_215,51,board,yellow,13.281814058956916,0.93,12.351814058956917,True,False,,True,6.838,False,clue_giver_leak_no_guesser_success
115_215_52_1_20250115_163451_exam_board,115_215,52,board,exam,11.633197278911563,0.942,10.691197278911563,True,True,8.668,False,,True,
115_215_53_1_20250115_163459_trumpet_board,115_215,53,board,trumpet,7.012426303854875,1.058,5.954426303854875,True,True,2.745,False,,True,
115_215_54_1_20250115_163509_picture_board,115_215,54,board,picture,8.498503401360544,0.93,7.568503401360545,True,True,5.489,False,,True,
116_216_12_1_20250116_102514_butter_board,116_216,12,board,butter,7.244625850340136,3.712,3.532625850340136,True,True,1.5559999999999996,False,,True,
116_216_13_1_20250116_102527_traffic_board,116_216,13,board,traffic,11.54031746031746,4.7,6.84031746031746,True,True,3.448999999999999,False,,True,
116_216_14_1_20250116_102556_picture_board,116_216,14,board,picture,28.5837641723356,2.411,26.172764172335597,True,True,24.073999999999998,False,,True,
116_216_15_1_20250116_102602_siren_board,116_216,15,board,siren,5.317369614512471,1.132,4.185369614512472,True,True,1.909,False,,True,
116_216_16_1_20250116_102611_pasta_board,116_216,16,board,pasta,7.918004535147392,0.732,7.186004535147392,True,True,5.3149999999999995,False,,True,
116_216_17_1_20250116_102622_yellow_board,116_216,17,board,yellow,10.170340136054422,1.722,8.448340136054423,True,True,6.257,False,,True,
116_216_18_1_20250116_102638_hunger_board,116_216,18,board,hunger,15.32517006802721,2.599,12.72617006802721,True,True,10.486,False,,True,
116_216_19_1_20250116_102654_leather_board,116_216,19,board,leather,14.883990929705217,1.762,13.121990929705216,True,True,10.995,False,,True,
116_216_20_1_20250116_102710_pillow_board,116_216,20,board,pillow,14.86077097505669,1.378,13.48277097505669,True,True,11.518,False,,True,
116_216_21_1_20250116_102716_muscle_board,116_216,21,board,muscle,4.342131519274377,0.988,3.3541315192743766,True,True,1.495,False,,True,
116_216_23_1_20250116_102753_doughnut_ground,116_216,23,ground,doughnut,11.284897959183674,0.898,10.386897959183674,True,True,8.253,False,,True,
116_216_24_1_20250116_102808_bacon_ground,116_216,24,ground,bacon,13.653333333333334,1.154,12.499333333333334,True,True,10.515,False,,True,
116_216_25_1_20250116_102832_puppy_ground,116_216,25,ground,puppy,22.453696145124717,0.994,21.459696145124717,True,True,19.478,False,,True,
116_216_26_1_20250116_102855_sugar_ground,116_216,26,ground,sugar,22.360816326530617,1.474,20.886816326530617,True,True,18.951,False,,True,
116_216_27_1_20250116_102911_zipper_ground,116_216,27,ground,zipper,15.81278911564626,1.11,14.70278911564626,True,True,12.611,False,,True,
116_216_28_1_20250116_102950_cologne_ground,116_216,28,ground,cologne,37.871746031746035,2.969,34.902746031746034,True,True,32.684,False,,True,
116_216_29_1_20250116_103005_hamster_ground,116_216,29,ground,hamster,13.862312925170068,1.444,12.418312925170067,True,True,10.341999999999999,False,,True,
116_216_30_1_20250116_103021_tiger_ground,116_216,30,ground,tiger,15.162630385487528,1.186,13.976630385487528,True,True,11.788,False,,True,
116_216_31_1_20250116_103035_chlorine_ground,116_216,31,ground,chlorine,13.188934240362812,1.532,11.656934240362812,True,True,9.366,False,,True,
116_216_32_1_20250116_103144_walnut_ground,116_216,32,ground,walnut,68.05768707482993,1.108,66.94968707482992,False,False,,False,,False,
116_216_34_1_20250116_103225_flower_ground,116_216,34,ground,flower,10.379319727891156,2.626,7.7533197278911565,True,True,5.724,False,,True,
116_216_35_1_20250116_103333_flannel_ground,116_216,35,ground,flannel,66.40907029478458,1.353,65.05607029478459,False,False,,False,,False,
116_216_36_1_20250116_103426_jungle_ground,116_216,36,ground,jungle,27.538866213151927,1.602,25.936866213151927,True,True,23.826999999999998,False,,True,
116_216_37_1_20250116_103447_beauty_ground,116_216,37,ground,beauty,20.410340136054423,1.489,18.921340136054422,True,True,10.225999999999999,False,,True,
116_216_38_1_20250116_103502_coffee_ground,116_216,38,ground,coffee,14.071292517006803,1.187,12.884292517006804,True,True,10.578000000000001,False,,True,
116_216_39_1_20250116_103539_birthday_ground,116_216,39,ground,birthday,36.78040816326531,1.218,35.5624081632653,True,True,33.771,False,,True,
116_216_40_1_20250116_103547_music_ground,116_216,40,ground,music,6.3854875283446715,1.164,5.221487528344672,True,True,3.1930000000000005,False,,True,
116_216_41_1_20250116_103635_soda_ground,116_216,41,ground,soda,46.32380952380952,1.41,44.913809523809526,True,True,42.378,False,,True,
116_216_42_1_20250116_103705_exam_ground,116_216,42,ground,exam,29.41968253968254,1.308,28.11168253968254,True,True,25.119,False,,True,
116_216_43_1_20250116_103720_bitter_ground,116_216,43,ground,bitter,14.257052154195012,0.706,13.551052154195013,True,True,11.108,False,,True,
116_216_45_1_20250116_103813_gravy_board,116_216,45,board,gravy,24.845351473922904,1.402,23.443351473922903,True,True,21.162,False,,True,
116_216_46_1_20250116_103828_cherry_board,116_216,46,board,cherry,14.86077097505669,1.021,13.839770975056691,True,True,12.120999999999999,False,,True,
116_216_47_1_20250116_103841_sushi_board,116_216,47,board,sushi,11.493877551020407,1.41,10.083877551020407,True,True,8.293,False,,True,
116_216_48_1_20250116_103854_river_board,116_216,48,board,river,11.95827664399093,1.139,10.81927664399093,True,True,8.485000000000001,False,,True,
116_216_49_1_20250116_103913_blanket_board,116_216,49,board,blanket,18.738503401360543,1.496,17.242503401360544,True,True,15.264000000000001,False,,True,
116_216_50_1_20250116_103951_spinach_board,116_216,50,board,spinach,36.78040816326531,1.448,35.332408163265306,True,True,32.492,False,,True,
116_216_51_1_20250116_104027_movie_board,116_216,51,board,movie,34.57451247165533,1.404,33.17051247165533,True,True,31.114,False,,True,
116_216_52_1_20250116_104050_christmas_board,116_216,52,board,christmas,21.873197278911565,1.052,20.821197278911566,True,True,18.794,False,,True,
116_216_53_1_20250116_104129_trumpet_board,116_216,53,board,trumpet,38.10394557823129,1.535,36.56894557823129,True,True,34.737,False,,True,
116_216_54_1_20250116_104150_balloon_board,116_216,54,board,balloon,19.922721088435377,0.898,19.024721088435378,True,True,16.632,False,,True,
118_218_12_1_20250116_132334_spinach_ground,118_218,12,ground,spinach,67.01278911564626,3.545,63.467789115646255,False,True,59.906,False,,False,said_after_timer
118_218_13_1_20250116_132401_siren_ground,118_218,13,ground,siren,19.388662131519276,5.157,14.231662131519276,True,True,11.768,False,,True,
118_218_14_1_20250116_132431_yellow_ground,118_218,14,ground,yellow,28.69986394557823,6.067,22.63286394557823,True,True,19.918,False,,True,
118_218_15_1_20250116_132540_cologne_ground,118_218,15,ground,cologne,68.05768707482993,2.515,65.54268707482993,False,False,,False,,False,
118_218_16_1_20250116_132557_doughnut_ground,118_218,16,ground,doughnut,10.147120181405896,2.953,7.194120181405896,True,True,4.696,False,,True,
118_218_17_1_20250116_132639_flower_ground,118_218,17,ground,flower,41.72625850340136,0.0,41.72625850340136,True,True,39.584,False,,True,
118_218_18_1_20250116_132704_butter_ground,118_218,18,ground,butter,20.96761904761905,4.448,16.51961904761905,True,True,14.617999999999999,False,,True,
118_218_19_1_20250116_132714_gravy_ground,118_218,19,ground,gravy,8.126984126984127,2.24,5.886984126984126,True,True,3.8449999999999998,False,,True,
118_218_20_1_20250116_132734_christmas_ground,118_218,20,ground,christmas,19.319002267573698,1.903,17.4160022675737,True,True,15.278,False,,True,
118_218_21_1_20250116_132839_bitter_ground,118_218,21,ground,bitter,64.04063492063491,1.986,62.05463492063492,False,False,,False,,False,
118_218_23_1_20250116_132954_puppy_ground,118_218,23,ground,puppy,49.31918367346939,1.493,47.82618367346939,True,True,45.958999999999996,False,,True,
118_218_24_1_20250116_133014_pasta_ground,118_218,24,ground,pasta,18.204444444444444,2.313,15.891444444444444,True,True,13.766,False,,True,
118_218_25_1_20250116_133032_coffee_ground,118_218,25,ground,coffee,16.950566893424035,2.194,14.756566893424036,True,True,13.09,False,,True,
118_218_26_1_20250116_133113_flannel_ground,118_218,26,ground,flannel,40.100861678004534,1.698,38.402861678004534,True,True,35.007,False,,True,
118_218_27_1_20250116_133132_tiger_ground,118_218,27,ground,tiger,18.877823129251706,1.331,17.546823129251706,True,True,15.487000000000002,False,,True,
118_218_28_1_20250116_133154_hamster_ground,118_218,28,ground,hamster,20.59609977324263,1.81,18.786099773242633,True,True,16.173000000000002,False,,True,
118_218_29_1_20250116_133214_jungle_ground,118_218,29,ground,jungle,19.156462585034017,1.415,17.741462585034018,True,True,13.838999999999999,False,,True,
118_218_30_1_20250116_133242_traffic_ground,118_218,30,ground,traffic,26.679727891156464,1.073,25.606727891156464,True,True,23.266,False,,True,
118_218_31_1_20250116_133312_river_ground,118_218,31,ground,river,29.18748299319728,1.602,27.585482993197278,True,True,24.453,False,,True,
118_218_32_1_20250116_133420_sugar_ground,118_218,32,ground,sugar,67.03600907029478,1.053,65.98300907029478,False,False,,False,,False,
118_218_34_1_20250116_133542_beauty_board,118_218,34,board,beauty,42.32997732426304,4.527,37.80297732426304,True,True,33.626,False,,True,
118_218_35_1_20250116_133603_picture_board,118_218,35,board,picture,20.59609977324263,1.051,19.545099773242633,True,True,17.307000000000002,False,,True,
118_218_36_1_20250116_133625_blanket_board,118_218,36,board,blanket,19.87628117913832,1.508,18.36828117913832,True,True,16.082,False,,True,
118_218_37_1_20250116_133632_chlorine_board,118_218,37,board,chlorine,6.199727891156463,1.992,4.207727891156463,True,True,1.3849999999999998,False,,True,
118_218_38_1_20250116_133656_bacon_board,118_218,38,board,bacon,23.057414965986396,2.091,20.966414965986395,True,True,18.361,False,,True,
118_218_39_1_20250116_133713_exam_board,118_218,39,board,exam,16.439727891156462,2.671,13.768727891156463,True,True,11.237,False,,True,
118_218_40_1_20250116_133727_hunger_board,118_218,40,board,hunger,13.4443537414966,1.268,12.1763537414966,True,True,8.652999999999999,False,,True,
118_218_41_1_20250116_133752_cherry_board,118_218,41,board,cherry,24.288072562358277,1.122,23.166072562358277,True,True,20.718,False,,True,
118_218_42_1_20250116_133800_zipper_board,118_218,42,board,zipper,6.664126984126984,4.04,2.624126984126984,True,True,0.0,False,,True,
118_218_43_1_20250116_133808_muscle_board,118_218,43,board,muscle,7.291065759637188,4.159,3.1320657596371886,True,True,0.5170000000000003,False,,True,
118_218_45_1_20250116_133912_soda_board,118_218,45,board,soda,28.28190476190476,1.451,26.83090476190476,True,True,24.743,False,,True,
118_218_46_1_20250116_134021_walnut_board,118_218,46,board,walnut,68.05768707482993,0.49,67.56768707482993,False,False,,False,,False,
118_218_47_1_20250116_134052_trumpet_board,118_218,47,board,trumpet,21.966077097505668,1.762,20.204077097505667,True,True,18.169,False,,True,
118_218_48_1_20250116_134117_sushi_board,118_218,48,board,sushi,24.14875283446712,1.148,23.00075283446712,True,True,20.584,False,,True,
118_218_49_1_20250116_134132_music_board,118_218,49,board,music,13.235374149659863,2.21,11.025374149659864,True,True,8.690000000000001,False,,True,
118_218_50_1_20250116_134153_pillow_board,118_218,50,board,pillow,20.108480725623583,8.444,11.664480725623582,True,True,8.783,False,,True,
118_218_51_1_20250116_134228_birthday_board,118_218,51,board,birthday,33.66893424036281,0.9,32.76893424036281,True,True,28.992,False,,True,
118_218_52_1_20250116_134246_leather_board,118_218,52,board,leather,16.27718820861678,2.135,14.142188208616782,True,True,11.0,False,,True,
118_218_53_1_20250116_134306_balloon_board,118_218,53,board,balloon,18.877823129251706,2.242,16.635823129251705,True,True,14.29,False,,True,
118_218_54_1_20250116_134322_movie_board,118_218,54,board,movie,14.837551020408164,3.266,11.571551020408164,True,True,8.33,False,,True,
123_223_12_1_20250117_162453_zipper_board,123_223,12,board,zipper,8.568163265306122,7.129,1.4391632653061226,True,True,-0.9529999999999994,False,,True,
123_223_13_1_20250117_162513_soda_board,123_223,13,board,soda,19.667301587301587,4.951,14.716301587301587,True,True,12.736999999999998,False,,True,
123_223_14_1_20250117_162536_hunger_board,123_223,14,board,hunger,21.66421768707483,6.532,15.132217687074832,True,True,12.896999999999998,False,,True,
123_223_15_1_20250117_162551_puppy_board,123_223,15,board,puppy,14.489251700680272,4.683,9.806251700680273,True,True,7.439,False,,True,
123_223_16_1_20250117_162659_gravy_board,123_223,16,board,gravy,66.780589569161,6.425,60.355589569161,False,False,,False,,False,
123_223_17_1_20250117_162805_yellow_board,123_223,17,board,yellow,64.15673469387755,5.432,58.72473469387755,True,True,56.190999999999995,False,,True,
123_223_18_1_20250117_162825_jungle_board,123_223,18,board,jungle,17.87936507936508,2.975,14.90436507936508,True,True,12.238,False,,True,
123_223_19_1_20250117_162847_picture_board,123_223,19,board,picture,20.526439909297057,9.898,10.628439909297057,True,True,8.440999999999999,False,,True,
123_223_20_1_20250117_162909_music_board,123_223,20,board,music,21.478458049886623,7.961,13.517458049886622,True,True,11.348999999999998,False,,True,
123_223_21_1_20250117_162936_coffee_board,123_223,21,board,coffee,25.51873015873016,12.273,13.245730158730161,True,True,10.611,False,,True,
123_223_23_1_20250117_163016_balloon_ground,123_223,23,ground,balloon,17.46140589569161,3.006,14.455405895691609,True,True,12.266,False,,True,
123_223_24_1_20250117_163030_butter_ground,123_223,24,ground,butter,13.37469387755102,2.465,10.90969387755102,True,True,8.644,False,,True,
123_223_25_1_20250117_163046_christmas_ground,123_223,25,ground,christmas,15.046530612244895,3.281,11.765530612244895,True,True,9.336,False,,True,
123_223_26_1_20250117_163101_muscle_ground,123_223,26,ground,muscle,14.117732426303856,3.091,11.026732426303855,True,True,9.166,False,,True,
123_223_27_1_20250117_163124_beauty_ground,123_223,27,ground,beauty,21.59455782312925,4.344,17.25055782312925,True,True,14.939,False,,True,
123_223_28_1_20250117_163149_cologne_ground,123_223,28,ground,cologne,24.636371882086166,4.826,19.810371882086166,True,True,17.456,False,,True,
123_223_29_1_20250117_163213_traffic_ground,123_223,29,ground,traffic,22.709115646258503,2.58,20.129115646258505,True,True,16.220999999999997,False,,True,
123_223_30_1_20250117_163236_siren_ground,123_223,30,ground,siren,21.78031746031746,2.831,18.94931746031746,True,True,16.671,False,,True,
123_223_31_1_20250117_163300_cherry_ground,123_223,31,ground,cherry,23.2431746031746,2.521,20.7221746031746,True,True,17.791999999999998,False,,True,
123_223_32_1_20250117_163324_flower_ground,123_223,32,ground,flower,23.38249433106576,3.226,20.156494331065762,True,True,17.814,False,,True,
123_223_34_1_20250117_163348_pasta_ground,123_223,34,ground,pasta,7.360725623582766,3.105,4.255725623582766,True,True,1.8439999999999999,False,,True,
123_223_35_1_20250117_163359_sugar_ground,123_223,35,ground,sugar,9.729160997732428,5.007,4.722160997732429,True,True,2.2250000000000005,False,,True,
123_223_36_1_20250117_163412_chlorine_ground,123_223,36,ground,chlorine,11.702857142857145,5.791,5.911857142857144,True,True,3.703999999999999,False,,True,
123_223_37_1_20250117_163424_pillow_ground,123_223,37,ground,pillow,10.634739229024945,3.308,7.326739229024945,True,True,4.9559999999999995,False,,True,
123_223_38_1_20250117_163456_exam_ground,123_223,38,ground,exam,31.857777777777777,9.058,22.799777777777777,True,True,20.928,False,,True,
123_223_39_1_20250117_163550_walnut_ground,123_223,39,ground,walnut,53.22013605442177,8.627,44.59313605442177,True,True,41.748,False,,True,
123_223_40_1_20250117_163609_hamster_ground,123_223,40,ground,hamster,17.345306122448978,5.109,12.236306122448978,True,True,9.189,False,,True,
123_223_41_1_20250117_163626_leather_ground,123_223,41,ground,leather,16.671927437641724,3.415,13.256927437641725,True,True,10.620999999999999,False,,True,
123_223_42_1_20250117_163653_spinach_ground,123_223,42,ground,spinach,25.774149659863944,6.709,19.065149659863945,True,True,16.551000000000002,False,,True,
123_223_43_1_20250117_163709_bacon_ground,123_223,43,ground,bacon,14.79111111111111,3.138,11.65311111111111,True,True,8.886,False,,True,
123_223_45_1_20250117_163800_sushi_board,123_223,45,board,sushi,8.335963718820862,1.284,7.051963718820862,True,True,5.229,False,,True,
123_223_46_1_20250117_163911_bitter_board,123_223,46,board,bitter,69.61342403628117,2.067,67.54642403628117,False,False,,True,65.58099999999999,False,clue_giver_leak_no_guesser_success
123_223_47_1_20250117_163927_movie_board,123_223,47,board,movie,15.27873015873016,1.8,13.478730158730158,True,True,10.815999999999999,False,,True,
123_223_48_1_20250117_164000_trumpet_board,123_223,48,board,trumpet,33.111655328798186,1.632,31.479655328798184,True,True,29.235,False,,True,
123_223_49_1_20250117_164012_blanket_board,123_223,49,board,blanket,10.913378684807256,1.511,9.402378684807257,True,True,7.103000000000001,False,,True,
123_223_50_1_20250117_164038_doughnut_board,123_223,50,board,doughnut,25.123990929705215,1.688,23.435990929705216,True,True,21.215,False,,True,
123_223_51_1_20250117_164054_birthday_board,123_223,51,board,birthday,15.023310657596372,1.907,13.116310657596372,True,True,10.737,False,,True,
123_223_52_1_20250117_164124_tiger_board,123_223,52,board,tiger,28.328344671201815,3.454,24.874344671201815,True,True,22.14,False,,True,
123_223_53_1_20250117_164230_flannel_board,123_223,53,board,flannel,65.31773242630385,1.501,63.81673242630385,False,False,,True,59.704,False,clue_giver_leak_no_guesser_success
123_223_54_1_20250117_164248_river_board,123_223,54,board,river,17.08988662131519,1.266,15.823886621315191,True,True,13.133,False,,True,
158_258_12_1_20250204_142559_gravy_board,158_258,12,board,gravy,69.91528344671202,4.391,65.52428344671202,False,False,,False,,False,
158_258_13_1_20250204_142725_flannel_board,158_258,13,board,flannel,69.96172335600907,4.742,65.21972335600907,False,False,,True,62.205999999999996,False,clue_giver_leak_no_guesser_success
158_258_14_1_20250204_142751_trumpet_board,158_258,14,board,trumpet,25.658049886621317,5.526,20.132049886621317,True,True,14.959,False,,True,
158_258_15_1_20250204_142801_flower_board,158_258,15,board,flower,9.1718820861678,2.601,6.5708820861678,True,True,3.643,False,,True,
158_258_16_1_20250204_142812_movie_board,158_258,16,board,movie,10.797278911564623,3.67,7.127278911564623,True,True,4.526,False,,True,
158_258_17_1_20250204_142834_hamster_board,158_258,17,board,hamster,22.244716553287983,2.323,19.921716553287983,True,True,16.66,False,,True,
158_258_18_1_20250204_142941_spinach_board,158_258,18,board,spinach,65.64281179138322,3.502,62.14081179138322,False,False,,False,,False,
158_258_19_1_20250204_143007_christmas_board,158_258,19,board,christmas,17.159546485260773,4.116,13.043546485260773,True,True,8.464,False,,True,
158_258_20_1_20250204_143034_balloon_board,158_258,20,board,balloon,27.09768707482993,2.71,24.38768707482993,True,True,21.399,False,,True,
158_258_21_1_20250204_143141_bitter_board,158_258,21,board,bitter,66.17687074829932,6.259,59.91787074829932,False,False,,True,57.121,False,clue_giver_leak_no_guesser_success
158_258_23_1_20250204_143223_muscle_ground,158_258,23,ground,muscle,6.501587301587302,1.312,5.189587301587301,True,True,2.596,False,,True,
158_258_24_1_20250204_143231_river_ground,158_258,24,ground,river,7.476825396825397,1.254,6.222825396825398,True,True,3.486,False,,True,
158_258_25_1_20250204_143311_beauty_ground,158_258,25,ground,beauty,39.938321995464854,1.486,38.45232199546486,True,True,31.520999999999997,False,,True,
158_258_26_1_20250204_143323_bacon_ground,158_258,26,ground,bacon,11.3081179138322,1.034,10.2741179138322,True,True,7.842,False,,True,
158_258_27_1_20250204_143429_cologne_ground,158_258,27,ground,cologne,66.22331065759637,1.246,64.97731065759638,False,False,,True,59.431999999999995,False,clue_giver_leak_no_guesser_success
158_258_28_1_20250204_143531_pasta_ground,158_258,28,ground,pasta,16.34684807256236,1.424,14.92284807256236,True,True,12.205,False,,True,
158_258_29_1_20250204_143539_picture_ground,158_258,29,ground,picture,7.314285714285714,0.935,6.3792857142857144,True,True,3.5189999999999997,False,,True,
158_258_30_1_20250204_143548_exam_ground,158_258,30,ground,exam,9.357641723356007,1.741,7.6166417233560075,True,True,4.58,False,,True,
158_258_31_1_20250204_143617_birthday_ground,158_258,31,ground,birthday,27.77106575963719,0.352,27.41906575963719,True,True,24.354,False,,True,
158_258_32_1_20250204_143638_siren_ground,158_258,32,ground,siren,20.317460317460316,1.112,19.205460317460314,True,True,15.281999999999998,False,,True,
158_258_34_1_20250204_143712_puppy_ground,158_258,34,ground,puppy,13.37469387755102,2.609,10.76569387755102,True,True,8.012,False,,True,
158_258_35_1_20250204_143735_doughnut_ground,158_258,35,ground,doughnut,23.73079365079365,3.176,20.55479365079365,True,True,17.783,False,,True,
158_258_36_1_20250204_143800_music_ground,158_258,36,ground,music,23.823673469387757,6.488,17.335673469387757,True,True,14.393,False,,True,
158_258_37_1_20250204_143821_traffic_ground,158_258,37,ground,traffic,20.619319727891156,2.525,18.094319727891158,True,True,14.147,False,,True,
158_258_38_1_20250204_143843_chlorine_ground,158_258,38,ground,chlorine,21.153378684807254,7.591,13.562378684807253,True,True,10.648,False,,True,
158_258_39_1_20250204_143905_soda_ground,158_258,39,ground,soda,18.22766439909297,7.727,10.500664399092969,True,True,7.651999999999999,False,,True,
158_258_40_1_20250204_143919_butter_ground,158_258,40,ground,butter,14.396371882086168,3.673,10.723371882086168,True,True,7.7330000000000005,False,,True,
158_258_41_1_20250204_143936_walnut_ground,158_258,41,ground,walnut,16.99700680272109,5.489,11.508006802721088,True,True,8.265,False,,True,
158_258_42_1_20250204_144023_coffee_ground,158_258,42,ground,coffee,45.60399092970521,7.552,38.05199092970521,True,True,35.761,False,,True,
158_258_43_1_20250204_144046_tiger_ground,158_258,43,ground,tiger,23.26639455782313,6.519,16.747394557823128,True,True,13.825000000000001,False,,True,
158_258_45_1_20250204_144137_blanket_board,158_258,45,board,blanket,16.253968253968253,0.972,15.281968253968254,True,True,12.041,False,,True,
158_258_46_1_20250204_144155_sushi_board,158_258,46,board,sushi,17.69360544217687,1.043,16.65060544217687,True,True,14.363000000000001,False,,True,
158_258_47_1_20250204_144212_leather_board,158_258,47,board,leather,15.696689342403628,1.541,14.155689342403628,True,True,11.091999999999999,False,,True,
158_258_48_1_20250204_144319_hunger_board,158_258,48,board,hunger,67.19854875283447,1.742,65.45654875283446,False,False,,True,59.638000000000005,False,clue_giver_leak_no_guesser_success
158_258_49_1_20250204_144331_sugar_board,158_258,49,board,sugar,11.261678004535147,0.865,10.396678004535147,True,True,7.561,False,,True,
158_258_50_1_20250204_144345_zipper_board,158_258,50,board,zipper,13.165714285714284,1.147,12.018714285714283,True,True,8.996,False,,True,
158_258_51_1_20250204_144403_yellow_board,158_258,51,board,yellow,18.088344671201813,2.005,16.083344671201814,True,True,13.620000000000001,False,,True,
158_258_52_1_20250204_144512_cherry_board,158_258,52,board,cherry,65.06231292517006,0.122,64.94031292517006,False,False,,True,60.668,False,clue_giver_leak_no_guesser_success
158_258_53_1_20250204_144535_jungle_board,158_258,53,board,jungle,21.73387755102041,1.181,20.55287755102041,True,True,17.407999999999998,True,17.281,True,
158_258_54_1_20250204_144543_pillow_board,158_258,54,board,pillow,8.057324263038549,1.479,6.578324263038549,True,True,3.8120000000000003,False,,True,
180_280_12_1_20250221_162009_hunger_board,180_280,12,board,hunger,7.778684807256236,1.823,5.955684807256237,True,True,3.142,False,,True,
180_280_13_1_20250221_162018_leather_board,180_280,13,board,leather,8.196643990929704,1.53,6.666643990929704,True,True,4.137,False,,True,
180_280_14_1_20250221_162026_exam_board,180_280,14,board,exam,7.546485260770975,1.656,5.8904852607709755,True,True,3.1580000000000004,False,,True,
180_280_15_1_20250221_162050_beauty_board,180_280,15,board,beauty,22.941315192743765,0.0,22.941315192743765,True,True,20.893,False,,True,
180_280_16_1_20250221_162103_pasta_board,180_280,16,board,pasta,11.749297052154194,1.49,10.259297052154194,True,True,7.148,False,,True,
180_280_17_1_20250221_162114_blanket_board,180_280,17,board,blanket,10.565079365079365,1.379,9.186079365079365,True,True,6.9190000000000005,False,,True,
180_280_18_1_20250221_162136_traffic_board,180_280,18,board,traffic,11.586757369614512,1.431,10.155757369614513,True,True,7.135000000000001,True,9.262,True,
180_280_19_1_20250221_162229_cologne_board,180_280,19,board,cologne,51.803718820861675,1.365,50.43871882086167,True,True,47.108,False,,True,
180_280_20_1_20250221_162253_chlorine_board,180_280,20,board,chlorine,17.2756462585034,1.962,15.3136462585034,True,True,12.56,False,,True,
180_280_21_1_20250221_162312_trumpet_board,180_280,21,board,trumpet,9.287981859410433,1.608,7.679981859410432,True,True,4.974,False,,True,
180_280_23_1_20250221_162414_tiger_ground,180_280,23,ground,tiger,40.44916099773243,1.431,39.01816099773243,True,True,36.689,False,,True,
180_280_24_1_20250221_162433_soda_ground,180_280,24,ground,soda,18.83138321995465,2.229,16.60238321995465,True,True,13.974,False,,True,
180_280_25_1_20250221_162444_pillow_ground,180_280,25,ground,pillow,10.448979591836734,1.332,9.116979591836733,True,True,6.627,False,,True,
180_280_26_1_20250221_162547_cherry_ground,180_280,26,ground,cherry,62.368798185941046,1.477,60.89179818594105,False,True,56.900000000000006,False,,True,
180_280_27_1_20250221_162640_bitter_ground,180_280,27,ground,bitter,51.57151927437642,1.272,50.29951927437642,True,True,44.748000000000005,False,,True,
180_280_28_1_20250221_162741_spinach_ground,180_280,28,ground,spinach,60.04680272108843,1.027,59.01980272108843,True,True,54.010999999999996,False,,True,
180_280_29_1_20250221_162752_movie_ground,180_280,29,ground,movie,8.661043083900227,1.224,7.437043083900226,True,True,5.248,False,,True,
180_280_30_1_20250221_162759_muscle_ground,180_280,30,ground,muscle,7.082086167800454,1.31,5.772086167800454,True,True,3.2449999999999997,False,,True,
180_280_31_1_20250221_162809_sushi_ground,180_280,31,ground,sushi,8.6378231292517,0.0,8.6378231292517,True,True,5.788,False,,True,
180_280_32_1_20250221_162853_jungle_ground,180_280,32,ground,jungle,43.21233560090703,1.056,42.156335600907035,True,True,39.056000000000004,False,,True,
180_280_34_1_20250221_162919_siren_ground,180_280,34,ground,siren,9.05578231292517,2.224,6.831782312925171,True,True,2.4719999999999995,False,,True,
180_280_35_1_20250221_162947_flower_ground,180_280,35,ground,flower,24.589931972789117,2.451,22.138931972789116,True,True,19.409,False,,True,
180_280_36_1_20250221_162958_picture_ground,180_280,36,ground,picture,11.377777777777778,3.262,8.115777777777778,True,True,4.441000000000001,False,,True,
180_280_37_1_20250221_163019_river_ground,180_280,37,ground,river,16.184308390022675,5.389,10.795308390022676,True,True,8.332,False,,True,
180_280_38_1_20250221_163027_sugar_ground,180_280,38,ground,sugar,7.360725623582766,2.289,5.071725623582767,True,True,2.4119999999999995,False,,True,
180_280_39_1_20250221_163037_music_ground,180_280,39,ground,music,9.566621315192744,3.828,5.738621315192745,True,True,2.2740000000000005,False,,True,
180_280_40_1_20250221_163058_doughnut_ground,180_280,40,ground,doughnut,17.623945578231293,3.085,14.538945578231292,True,True,11.411999999999999,False,,True,
180_280_41_1_20250221_163112_christmas_ground,180_280,41,ground,christmas,13.60689342403628,4.391,9.21589342403628,True,True,4.582000000000001,False,,True,
180_280_42_1_20250221_163136_zipper_ground,180_280,42,ground,zipper,19.969160997732427,0.791,19.178160997732427,True,True,16.259999999999998,False,,True,
180_280_43_1_20250221_163219_balloon_ground,180_280,43,ground,balloon,41.470839002267574,1.882,39.58883900226758,True,True,29.516,False,,True,
180_280_45_1_20250221_163300_birthday_board,180_280,45,board,birthday,8.986122448979591,1.405,7.581122448979591,True,True,4.976999999999999,False,,True,
180_280_46_1_20250221_163313_coffee_board,180_280,46,board,coffee,12.027936507936507,1.147,10.880936507936507,True,True,8.452,False,,True,
180_280_47_1_20250221_163322_puppy_board,180_280,47,board,puppy,8.684263038548753,1.025,7.659263038548753,True,True,5.635999999999999,False,,True,
180_280_48_1_20250221_163332_gravy_board,180_280,48,board,gravy,9.450521541950112,0.932,8.518521541950111,True,True,4.173,False,,True,
180_280_49_1_20250221_163439_flannel_board,180_280,49,board,flannel,66.08399092970521,0.864,65.2199909297052,False,False,,True,60.214000000000006,False,clue_giver_leak_no_guesser_success
180_280_50_1_20250221_163447_bacon_board,180_280,50,board,bacon,7.63936507936508,1.084,6.55536507936508,True,True,3.978,True,5.365,True,
180_280_51_1_20250221_163456_butter_board,180_280,51,board,butter,8.17342403628118,1.815,6.35842403628118,True,True,4.364000000000001,False,,True,
180_280_52_1_20250221_163508_hamster_board,180_280,52,board,hamster,11.586757369614512,1.132,10.454757369614512,True,True,7.959,False,,True,
180_280_53_1_20250221_163517_yellow_board,180_280,53,board,yellow,8.428843537414966,1.475,6.953843537414967,True,True,4.596,False,,True,
180_280_54_1_20250221_163532_walnut_board,180_280,54,board,walnut,14.55891156462585,2.229,12.32991156462585,True,True,8.821000000000002,False,,True,
188_288_12_1_20250228_124559_gravy_ground,188_288,12,ground,gravy,69.82240362811791,2.321,67.50140362811791,False,False,,True,65.302,False,clue_giver_leak_no_guesser_success
188_288_13_1_20250228_124630_tiger_ground,188_288,13,ground,tiger,15.418049886621317,3.03,12.388049886621317,True,True,10.049000000000001,False,,True,
188_288_14_1_20250228_124641_leather_ground,188_288,14,ground,leather,10.448979591836734,1.741,8.707979591836734,True,True,5.691000000000001,False,,True,
188_288_15_1_20250228_124725_cherry_ground,188_288,15,ground,cherry,43.23555555555556,3.894,39.34155555555556,True,True,37.202,False,,True,
188_288_16_1_20250228_124739_balloon_ground,188_288,16,ground,balloon,12.236916099773245,2.122,10.114916099773245,True,True,5.123,False,,True,
188_288_17_1_20250228_124754_pasta_ground,188_288,17,ground,pasta,15.069750566893424,3.74,11.329750566893424,True,True,8.608,False,,True,
188_288_18_1_20250228_124810_siren_ground,188_288,18,ground,siren,14.90721088435374,1.281,13.626210884353739,True,True,11.195,False,,True,
188_288_19_1_20250228_124822_puppy_ground,188_288,19,ground,puppy,10.727619047619047,0.864,9.863619047619046,True,True,7.649,False,,True,
188_288_20_1_20250228_124832_walnut_ground,188_288,20,ground,walnut,9.218321995464851,0.962,8.256321995464852,True,True,5.0040000000000004,False,,True,
188_288_21_1_20250228_124844_pillow_ground,188_288,21,ground,pillow,10.820498866213152,1.36,9.460498866213152,True,True,6.902,False,,True,
188_288_23_1_20250228_124915_movie_ground,188_288,23,ground,movie,11.168798185941045,1.76,9.408798185941045,True,True,7.034000000000001,False,,True,
188_288_24_1_20250228_124921_sugar_ground,188_288,24,ground,sugar,5.944308390022676,1.532,4.412308390022676,True,True,1.839,False,,True,
188_288_25_1_20250228_125024_cologne_ground,188_288,25,ground,cologne,61.41678004535147,2.091,59.32578004535147,True,True,56.716,False,,True,
188_288_26_1_20250228_125032_coffee_ground,188_288,26,ground,coffee,7.685804988662132,1.562,6.1238049886621315,True,True,3.3739999999999997,False,,True,
188_288_27_1_20250228_125039_birthday_ground,188_288,27,ground,birthday,5.758548752834467,1.93,3.8285487528344673,True,True,1.063,False,,True,
188_288_28_1_20250228_125054_blanket_ground,188_288,28,ground,blanket,13.79265306122449,1.667,12.12565306122449,True,True,9.712,False,,True,
188_288_29_1_20250228_125111_jungle_ground,188_288,29,ground,jungle,15.20907029478458,2.645,12.56407029478458,True,True,10.215,False,,True,
188_288_30_1_20250228_125118_muscle_ground,188_288,30,ground,muscle,6.408707482993197,4.317,2.091707482993197,True,True,-2.0410000000000004,False,,True,
188_288_31_1_20250228_125131_music_ground,188_288,31,ground,music,12.67809523809524,2.172,10.50609523809524,True,True,7.9399999999999995,False,,True,
188_288_32_1_20250228_125210_doughnut_ground,188_288,32,ground,doughnut,37.50022675736962,1.175,36.32522675736962,True,True,31.193,False,,True,
188_288_34_1_20250228_125309_bacon_board,188_288,34,board,bacon,9.729160997732428,2.235,7.494160997732429,True,True,5.629,False,,True,
188_288_35_1_20250228_125418_flannel_board,188_288,35,board,flannel,67.82548752834467,1.363,66.46248752834467,False,True,61.663000000000004,True,60.694,False,said_after_timer
188_288_36_1_20250228_125436_spinach_board,188_288,36,board,spinach,17.438185941043084,2.639,14.799185941043085,True,True,12.516,False,,True,
188_288_37_1_20250228_125451_hamster_board,188_288,37,board,hamster,14.32671201814059,1.183,13.14371201814059,True,True,10.112,False,,True,
188_288_38_1_20250228_125504_river_board,188_288,38,board,river,12.027936507936507,1.736,10.291936507936507,True,True,7.848,False,,True,
188_288_39_1_20250228_125531_yellow_board,188_288,39,board,yellow,26.006349206349206,2.237,23.769349206349204,True,True,20.704,False,,True,
188_288_40_1_20250228_125557_soda_board,188_288,40,board,soda,24.91501133786848,3.206,21.709011337868482,True,True,18.658,False,,True,
188_288_41_1_20250228_125615_picture_board,188_288,41,board,picture,13.49079365079365,0.522,12.96879365079365,True,True,11.126,False,,True,
188_288_42_1_20250228_125623_traffic_board,188_288,42,board,traffic,7.592925170068027,1.889,5.703925170068027,True,True,3.311,False,,True,
188_288_43_1_20250228_125631_bitter_board,188_288,43,board,bitter,7.337505668934241,1.642,5.69550566893424,True,True,3.555,False,,True,
188_288_45_1_20250228_125716_chlorine_board,188_288,45,board,chlorine,9.450521541950112,2.191,7.259521541950112,True,True,4.473,False,,True,
188_288_46_1_20250228_125741_trumpet_board,188_288,46,board,trumpet,23.70757369614513,2.07,21.63757369614513,True,True,19.233,False,,True,
188_288_47_1_20250228_125750_flower_board,188_288,47,board,flower,6.362267573696145,0.064,6.298267573696145,True,True,4.143,False,,True,
188_288_48_1_20250228_125758_exam_board,188_288,48,board,exam,7.058866213151927,1.001,6.057866213151927,True,True,4.1080000000000005,False,,True,
188_288_49_1_20250228_125822_sushi_board,188_288,49,board,sushi,23.73079365079365,0.416,23.31479365079365,True,True,20.701999999999998,False,,True,
188_288_50_1_20250228_125919_beauty_board,188_288,50,board,beauty,55.65823129251701,1.358,54.30023129251701,True,True,52.108000000000004,False,,True,
188_288_51_1_20250228_125939_zipper_board,188_288,51,board,zipper,19.086802721088436,1.21,17.876802721088435,True,True,15.919,False,,True,
188_288_52_1_20250228_125959_hunger_board,188_288,52,board,hunger,19.156462585034017,0.905,18.251462585034016,True,True,16.108999999999998,False,,True,
188_288_53_1_20250228_130012_butter_board,188_288,53,board,butter,13.003174603174603,0.0,13.003174603174603,True,True,9.752,False,,True,
188_288_54_1_20250228_130018_christmas_board,188_288,54,board,christmas,4.96907029478458,2.088,2.88107029478458,True,True,0.8719999999999999,False,,True,
